audio_filename,grammar_score
audio_test_0001.wav,2.7312
audio_test_0002.wav,4.1458
audio_test_0003.wav,3.4176
audio_test_0004.wav,2.4453
audio_test_0005.wav,3.1833
audio_test_0006.wav,2.9562
audio_test_0007.wav,3.1163
audio_test_0008.wav,3.5754
audio_test_0009.wav,2.9110
audio_test_0010.wav,2.5616
audio_test_0011.wav,4.0850
audio_test_0012.wav,4.0617
audio_test_0013.wav,4.3152
audio_test_0014.wav,2.1192
audio_test_0015.wav,3.8159
audio_test_0016.wav,4.0566
audio_test_0017.wav,3.1059
audio_test_0018.wav,4.4045
audio_test_0019.wav,3.1838
audio_test_0020.wav,2.7477
audio_test_0021.wav,3.1065
audio_test_0022.wav,3.3843
audio_test_0023.wav,4.6310
audio_test_0024.wav,3.0532
audio_test_0025.wav,3.1010
audio_test_0026.wav,4.5732
audio_test_0027.wav,3.2137
audio_test_0028.wav,2.6658
audio_test_0029.wav,2.8103
audio_test_0030.wav,4.0160
audio_test_0031.wav,3.4453
audio_test_0032.wav,2.0659
audio_test_0033.wav,4.1120
audio_test_0034.wav,3.9093
audio_test_0035.wav,2.8603
audio_test_0036.wav,2.1275
audio_test_0037.wav,3.4842
audio_test_0038.wav,4.9521
audio_test_0039.wav,3.8327
audio_test_0040.wav,3.1961
audio_test_0041.wav,3.4803
audio_test_0042.wav,4.0941
audio_test_0043.wav,3.1081
audio_test_0044.wav,3.2012
audio_test_0045.wav,2.9982
audio_test_0046.wav,3.2053
audio_test_0047.wav,3.7431
audio_test_0048.wav,2.6471
audio_test_0049.wav,2.1472
audio_test_0050.wav,2.8414
audio_test_0051.wav,3.1313
audio_test_0052.wav,3.6351
audio_test_0053.wav,3.8088
audio_test_0054.wav,2.3718
audio_test_0055.wav,2.5761
audio_test_0056.wav,4.0058
audio_test_0057.wav,3.2921
audio_test_0058.wav,3.6972
audio_test_0059.wav,3.5402
audio_test_0060.wav,3.1602
audio_test_0061.wav,3.1819
audio_test_0062.wav,3.8907
audio_test_0063.wav,3.8365
audio_test_0064.wav,3.5569
audio_test_0065.wav,2.4708
audio_test_0066.wav,3.4572
audio_test_0067.wav,3.9869
audio_test_0068.wav,4.6348
audio_test_0069.wav,4.8223
audio_test_0070.wav,3.5621
audio_test_0071.wav,3.2057
audio_test_0072.wav,3.4055
audio_test_0073.wav,3.6970
audio_test_0074.wav,4.0817
audio_test_0075.wav,2.4850
audio_test_0076.wav,4.2101
audio_test_0077.wav,4.2018
audio_test_0078.wav,3.1398
audio_test_0079.wav,2.5173
audio_test_0080.wav,3.5374
audio_test_0081.wav,3.5955
audio_test_0082.wav,3.9113
audio_test_0083.wav,1.9246
audio_test_0084.wav,2.8000
audio_test_0085.wav,4.5358
audio_test_0086.wav,2.3263
audio_test_0087.wav,3.3208
audio_test_0088.wav,3.4568
audio_test_0089.wav,4.0744
audio_test_0090.wav,3.5347
audio_test_0091.wav,1.3179
audio_test_0092.wav,2.7603
audio_test_0093.wav,3.6482
audio_test_0094.wav,2.8290
audio_test_0095.wav,2.8855
audio_test_0096.wav,4.1799
audio_test_0097.wav,3.8562
audio_test_0098.wav,4.4855
audio_test_0099.wav,2.7036
audio_test_0100.wav,4.9931
audio_test_0101.wav,4.6068
audio_test_0102.wav,3.1738
audio_test_0103.wav,3.9097
audio_test_0104.wav,2.1801
audio_test_0105.wav,3.7540
audio_test_0106.wav,2.3670
audio_test_0107.wav,4.3335
audio_test_0108.wav,4.1309
audio_test_0109.wav,2.8658
audio_test_0110.wav,4.7829
audio_test_0111.wav,4.5429
audio_test_0112.wav,4.2044
audio_test_0113.wav,3.1337
audio_test_0114.wav,2.3720
audio_test_0115.wav,1.8403
audio_test_0116.wav,3.2511
audio_test_0117.wav,3.4636
audio_test_0118.wav,3.0312
audio_test_0119.wav,2.6146
audio_test_0120.wav,2.8265
audio_test_0121.wav,2.5784
audio_test_0122.wav,2.9153
audio_test_0123.wav,3.7942
audio_test_0124.wav,2.8232
audio_test_0125.wav,2.5220
audio_test_0126.wav,3.8051
audio_test_0127.wav,2.7471
audio_test_0128.wav,3.9935
audio_test_0129.wav,4.5700
audio_test_0130.wav,3.5136
audio_test_0131.wav,2.9963
audio_test_0132.wav,3.4413
audio_test_0133.wav,2.8707
audio_test_0134.wav,3.8115
audio_test_0135.wav,4.1245
audio_test_0136.wav,4.0506
audio_test_0137.wav,3.7107
audio_test_0138.wav,4.4694
audio_test_0139.wav,3.3289
audio_test_0140.wav,4.5283
audio_test_0141.wav,3.3669
audio_test_0142.wav,4.3844
audio_test_0143.wav,3.9796
audio_test_0144.wav,4.4132
audio_test_0145.wav,3.8504
audio_test_0146.wav,4.0145
audio_test_0147.wav,2.2211
audio_test_0148.wav,3.5283
audio_test_0149.wav,1.7967
audio_test_0150.wav,4.6673
audio_test_0151.wav,2.9635
audio_test_0152.wav,3.4667
audio_test_0153.wav,4.2929
audio_test_0154.wav,2.9575
audio_test_0155.wav,3.9247
audio_test_0156.wav,4.0375
audio_test_0157.wav,3.7063
audio_test_0158.wav,2.4728
audio_test_0159.wav,2.6621
audio_test_0160.wav,1.4927
audio_test_0161.wav,1.8455
audio_test_0162.wav,3.1653
audio_test_0163.wav,2.7162
audio_test_0164.wav,2.7731
audio_test_0165.wav,4.1411
audio_test_0166.wav,4.0763
audio_test_0167.wav,4.4135
audio_test_0168.wav,3.5289
audio_test_0169.wav,3.7158
audio_test_0170.wav,4.4053
audio_test_0171.wav,2.7661
audio_test_0172.wav,3.2675
audio_test_0173.wav,2.8640
audio_test_0174.wav,3.5946
audio_test_0175.wav,2.8089
audio_test_0176.wav,2.2807
audio_test_0177.wav,2.8478
audio_test_0178.wav,3.6213
audio_test_0179.wav,3.0099
audio_test_0180.wav,3.3459
audio_test_0181.wav,3.1329
audio_test_0182.wav,4.6598
audio_test_0183.wav,4.2224
audio_test_0184.wav,2.7199
audio_test_0185.wav,3.4803
audio_test_0186.wav,2.9205
audio_test_0187.wav,3.1540
audio_test_0188.wav,2.0964
audio_test_0189.wav,3.7427
audio_test_0190.wav,4.4289
audio_test_0191.wav,3.6510
audio_test_0192.wav,3.8373
audio_test_0193.wav,3.4834
audio_test_0194.wav,2.9865
audio_test_0195.wav,4.2528
audio_test_0196.wav,3.2502
audio_test_0197.wav,3.7344
audio_test_0198.wav,3.5716
audio_test_0199.wav,3.3705
audio_test_0200.wav,3.9800
audio_test_0201.wav,5.0000
audio_test_0202.wav,2.3155
audio_test_0203.wav,3.5677
audio_test_0204.wav,2.6324
audio_test_0205.wav,1.8486
audio_test_0206.wav,3.7172
audio_test_0207.wav,3.6699
audio_test_0208.wav,2.0591
audio_test_0209.wav,2.6701
audio_test_0210.wav,2.6068
audio_test_0211.wav,1.7772
audio_test_0212.wav,4.4323
audio_test_0213.wav,3.0078
audio_test_0214.wav,3.1443
audio_test_0215.wav,2.1286
audio_test_0216.wav,2.7142